key,name_key,name,position,consensus_adp,n_sources,ESPN,FootballGuys,CBS,DraftKings,Drafters,MFL,NFFC,Underdog,Sleeper,consensus_rank
jahmyrgibbs,jahmyrgibbs,Jahmyr Gibbs,RB,1.47,8,1.79,1.0,2.0,1.0,1.0,3.0,1.0,1.0,1.0,1.0
bijanrobinson,bijanrobinson,Bijan Robinson,RB,1.89,8,2.13,2.0,1.0,2.0,2.0,2.0,2.0,2.0,2.0,2.0
jamarrchase,jamarrchase,Ja'Marr Chase,WR,3.45,8,4.57,3.0,3.0,3.0,3.0,4.0,3.0,3.0,4.0,3.0
pukanacua,pukanacua,Puka Nacua,WR,4.19,8,3.54,4.0,5.0,4.0,4.0,6.0,4.0,4.0,3.0,4.0
jaxonsmithnjigba,jaxonsmithnjigba,Jaxon Smith-Njigba,WR,5.4,8,6.19,5.0,4.0,5.0,5.0,7.0,5.0,5.0,6.0,5.0
amonrastbrown,amonrastbrown,Amon-Ra St. Brown,WR,7.46,8,7.71,8.0,6.0,8.0,7.0,9.0,7.0,8.0,7.0,6.0
christianmccaffrey,christianmccaffrey,Christian McCaffrey,RB,7.89,8,5.09,6.0,7.0,6.0,6.0,21.0,6.0,7.0,5.0,7.0
jonathantaylor,jonathantaylor,Jonathan Taylor,RB,8.64,8,8.14,7.0,8.0,7.0,8.0,16.0,8.0,6.0,8.0,8.0
ceedeelamb,ceedeelamb,CeeDee Lamb,WR,11.13,8,11.05,12.0,9.0,11.0,11.0,19.0,10.0,9.0,9.0,9.0
justinjefferson,justinjefferson,Justin Jefferson,WR,11.8,8,12.4,11.0,14.0,9.0,9.0,17.0,12.0,10.0,11.0,10.0
ashtonjeanty,ashtonjeanty,Ashton Jeanty,RB,12.11,8,12.84,10.0,16.0,12.0,10.0,12.0,11.0,11.0,12.0,11.0
jamescook,jamescook,James Cook III,RB,12.64,8,13.09,9.0,10.0,10.0,12.0,22.0,9.0,12.0,13.0,12.0
devonachane,devonachane,De'Von Achane,RB,14.02,8,11.15,13.0,12.0,17.0,17.0,18.0,13.0,14.0,10.0,13.0
omarionhampton,omarionhampton,Omarion Hampton,RB,17.03,8,19.26,15.0,15.0,16.0,18.0,20.0,15.0,15.0,18.0,14.0
saquonbarkley,saquonbarkley,Saquon Barkley,RB,17.04,8,15.32,14.0,17.0,13.0,13.0,33.0,18.0,13.0,14.0,15.0
drakelondon,drakelondon,Drake London,WR,17.4,8,19.21,17.0,13.0,15.0,16.0,23.0,17.0,19.0,17.0,16.0
chasebrown,chasebrown,Chase Brown,RB,19.26,8,26.07,16.0,11.0,18.0,14.0,30.0,14.0,17.0,24.0,17.0
brockbowers,brockbowers,Brock Bowers,TE,19.94,8,23.51,19.0,24.0,20.0,19.0,13.0,19.0,20.0,21.0,18.0
kenwalker,kenwalker,Ken Walker,,20.17,6,,18.0,23.0,14.0,15.0,37.0,16.0,16.0,,19.0
treymcbride,treymcbride,Trey McBride,TE,20.71,8,20.7,21.0,21.0,23.0,23.0,14.0,20.0,25.0,19.0,20.0
derrickhenry,derrickhenry,Derrick Henry,RB,22.87,8,17.95,20.0,19.0,21.0,21.0,48.0,22.0,18.0,16.0,21.0
jeremiyahlove,jeremiyahlove,Jeremiyah Love,RB,23.3,8,17.44,22.0,32.0,27.0,25.0,24.0,23.0,23.0,15.0,22.0
nicocollins,nicocollins,Nico Collins,WR,23.81,8,23.48,23.0,22.0,22.0,22.0,34.0,25.0,22.0,20.0,23.0
joshallen,joshallen,Josh Allen,QB,23.99,8,24.9,26.0,26.0,25.0,29.0,1.0,29.0,34.0,23.0,24.0
georgepickens,georgepickens,George Pickens,WR,25.31,8,27.47,25.0,20.0,24.0,24.0,32.0,24.0,24.0,27.0,25.0
ajbrown,ajbrown,A.J. Brown,WR,25.62,8,26.95,24.0,28.0,19.0,20.0,43.0,21.0,21.0,26.0,26.0
kennethwalkeriii,kennethwalkeriii,Kenneth Walker III,RB,27.7,2,27.39,,,,,,,,28.0,27.0
rasheerice,rasheerice,Rashee Rice,WR,29.6,8,24.8,29.0,18.0,30.0,31.0,54.0,27.0,30.0,22.0,28.0
breecehall,breecehall,Breece Hall,RB,30.93,8,32.4,28.0,31.0,31.0,28.0,41.0,28.0,26.0,30.0,29.0
chrisolave,chrisolave,Chris Olave,WR,31.02,8,34.12,27.0,30.0,26.0,26.0,47.0,26.0,28.0,31.0,30.0
maliknabers,maliknabers,Malik Nabers,WR,31.3,8,28.39,30.0,29.0,37.0,39.0,26.0,31.0,31.0,29.0,31.0
kyrenwilliams,kyrenwilliams,Kyren Williams,RB,33.79,8,36.29,31.0,27.0,29.0,32.0,45.0,35.0,32.0,34.0,32.0
devontasmith,devontasmith,DeVonta Smith,WR,33.9,8,36.21,32.0,35.0,28.0,27.0,55.0,30.0,27.0,33.0,33.0
cameronskattebo,cameronskattebo,Cameron Skattebo,RB,37.0,1,,,,,,,,,37.0,34.0
joshjacobs,joshjacobs,Josh Jacobs,RB,38.05,8,26.36,33.0,25.0,43.0,45.0,63.0,39.0,38.0,25.0,35.0
tetairoamcmillan,tetairoamcmillan,Tetairoa McMillan,WR,38.64,8,40.1,38.0,37.0,42.0,43.0,38.0,32.0,39.0,38.0,36.0
garrettwilson,garrettwilson,Garrett Wilson,WR,38.92,8,37.33,39.0,41.0,39.0,35.0,44.0,40.0,40.0,35.0,37.0
javontewilliams,javontewilliams,Javonte Williams,RB,39.23,8,35.85,35.0,36.0,38.0,36.0,62.0,38.0,36.0,32.0,38.0
zayflowers,zayflowers,Zay Flowers,WR,39.79,8,44.3,36.0,39.0,36.0,34.0,56.0,34.0,33.0,42.0,39.0
colstonloveland,colstonloveland,Colston Loveland,TE,40.08,8,43.67,40.0,42.0,40.0,40.0,27.0,42.0,46.0,40.0,40.0
emekaegbuka,emekaegbuka,Emeka Egbuka,WR,40.27,8,50.2,42.0,34.0,32.0,38.0,46.0,36.0,41.0,45.0,41.0
travisetienne,travisetienne,Travis Etienne Jr.,RB,41.4,8,42.22,34.0,40.0,34.0,30.0,80.0,37.0,29.0,39.0,42.0
teehiggins,teehiggins,Tee Higgins,WR,41.58,8,49.61,37.0,33.0,35.0,37.0,66.0,33.0,35.0,44.0,43.0
lamarjackson,lamarjackson,Lamar Jackson,QB,43.35,8,37.8,45.0,45.0,53.0,54.0,8.0,56.0,57.0,36.0,44.0
camskattebo,camskattebo,Cam Skattebo,RB,44.0,7,40.03,43.0,38.0,44.0,46.0,53.0,44.0,43.0,,45.0
laddmcconkey,laddmcconkey,Ladd McConkey,WR,44.12,8,58.0,41.0,46.0,33.0,33.0,52.0,41.0,37.0,53.0,46.0
drakemaye,drakemaye,Drake Maye,QB,51.22,8,50.78,58.0,48.0,65.0,67.0,5.0,60.0,68.0,46.0,47.0
joeburrow,joeburrow,Joe Burrow,QB,51.85,8,56.83,56.0,54.0,59.0,65.0,11.0,54.0,64.0,51.0,48.0
lutherburden,lutherburden,Luther Burden III,WR,52.17,8,73.34,44.0,49.0,41.0,41.0,61.0,43.0,42.0,67.0,49.0
terrymclaurin,terrymclaurin,Terry McLaurin,WR,52.22,8,52.77,49.0,50.0,47.0,42.0,88.0,45.0,45.0,48.0,50.0
quinshonjudkins,quinshonjudkins,Quinshon Judkins,RB,52.55,8,53.42,51.0,43.0,55.0,57.0,51.0,58.0,54.0,49.0,51.0
treveyonhenderson,treveyonhenderson,TreVeyon Henderson,RB,54.5,8,58.03,48.0,56.0,58.0,56.0,60.0,47.0,49.0,52.0,52.0
jaylenwaddle,jaylenwaddle,Jaylen Waddle,WR,54.64,8,60.14,50.0,47.0,48.0,49.0,83.0,46.0,48.0,56.0,53.0
davanteadams,davanteadams,Davante Adams,WR,54.66,8,44.27,46.0,64.0,46.0,47.0,93.0,51.0,51.0,41.0,54.0
buckyirving,buckyirving,Bucky Irving,RB,55.2,8,51.64,47.0,44.0,60.0,59.0,70.0,57.0,53.0,47.0,55.0
tylerwarren,tylerwarren,Tyler Warren,TE,55.24,8,46.93,59.0,53.0,62.0,69.0,42.0,61.0,65.0,43.0,56.0
jaydendaniels,jaydendaniels,Jayden Daniels,QB,56.44,8,53.49,61.0,69.0,70.0,64.0,10.0,69.0,66.0,50.0,57.0
jamesonwilliams,jamesonwilliams,Jameson Williams,WR,58.19,8,67.54,54.0,63.0,50.0,50.0,78.0,49.0,47.0,61.0,58.0
dandreswift,dandreswift,D'Andre Swift,RB,58.66,8,67.29,53.0,51.0,52.0,48.0,84.0,55.0,52.0,60.0,59.0
djmoore,djmoore,D.J. Moore,WR,59.77,8,66.15,55.0,52.0,45.0,44.0,99.0,59.0,55.0,58.0,60.0
davidmontgomery,davidmontgomery,David Montgomery,RB,60.56,8,70.46,52.0,55.0,49.0,52.0,97.0,48.0,50.0,63.0,61.0
carnelltate,carnelltate,Carnell Tate,WR,60.64,8,58.1,65.0,71.0,63.0,58.0,58.0,62.0,61.0,54.0,62.0
romeodunze,romeodunze,Rome Odunze,WR,61.5,8,73.01,60.0,59.0,56.0,53.0,74.0,52.0,59.0,66.0,63.0
jadarianprice,jadarianprice,Jadarian Price,RB,63.94,8,62.52,63.0,62.0,61.0,62.0,82.0,65.0,60.0,57.0,64.0
jalenhurts,jalenhurts,Jalen Hurts,QB,64.34,8,59.7,67.0,76.0,75.0,73.0,25.0,79.0,72.0,55.0,65.0
mikeevans,mikeevans,Mike Evans,WR,64.46,8,79.68,57.0,57.0,51.0,55.0,106.0,53.0,44.0,70.0,66.0
bhayshultuten,bhayshultuten,Bhayshul Tuten,RB,65.23,8,72.85,62.0,60.0,57.0,60.0,87.0,64.0,56.0,65.0,67.0
christianwatson,christianwatson,Christian Watson,WR,68.94,8,93.54,64.0,65.0,54.0,51.0,96.0,50.0,58.0,84.0,68.0
marvinharrisonjr,marvinharrisonjr,Marvin Harrison Jr.,WR,69.49,8,78.9,68.0,61.0,66.0,66.0,85.0,63.0,67.0,69.0,69.0
calebwilliams,calebwilliams,Caleb Williams,QB,73.17,8,101.39,74.0,93.0,69.0,71.0,15.0,73.0,70.0,93.0,70.0
jordyntyson,jordyntyson,Jordyn Tyson,WR,75.99,8,87.95,72.0,88.0,68.0,63.0,89.0,71.0,63.0,78.0,71.0
dakprescott,dakprescott,Dak Prescott,QB,76.2,8,96.63,81.0,74.0,76.0,78.0,31.0,89.0,79.0,86.0,72.0
alecpierce,alecpierce,Alec Pierce,WR,76.44,8,88.5,70.0,58.0,73.0,76.0,92.0,68.0,76.0,80.0,73.0
brianthomasjr,brianthomasjr,Brian Thomas Jr.,WR,76.95,8,98.58,71.0,83.0,67.0,68.0,75.0,72.0,62.0,90.0,74.0
chubahubbard,chubahubbard,Chuba Hubbard,RB,77.38,8,81.0,66.0,66.0,71.0,72.0,112.0,75.0,71.0,71.0,75.0
haroldfannin,haroldfannin,Harold Fannin Jr.,TE,77.67,8,66.34,75.0,72.0,89.0,101.0,59.0,77.0,98.0,59.0,76.0
jaxsondart,jaxsondart,Jaxson Dart,QB,80.92,8,72.39,84.0,94.0,100.0,95.0,29.0,98.0,95.0,64.0,77.0
dkmetcalf,dkmetcalf,D.K. Metcalf,WR,81.63,8,85.02,73.0,87.0,72.0,75.0,113.0,70.0,77.0,74.0,78.0
kylepitts,kylepitts,Kyle Pitts Sr.,TE,81.92,8,68.34,86.0,73.0,94.0,104.0,65.0,82.0,107.0,62.0,79.0
parkerwashington,parkerwashington,Parker Washington,WR,82.2,8,103.63,82.0,90.0,64.0,61.0,108.0,66.0,69.0,96.0,80.0
samlaporta,samlaporta,Sam LaPorta,TE,82.83,8,73.62,87.0,67.0,92.0,94.0,77.0,94.0,97.0,68.0,81.0
jaylenwarren,jaylenwarren,Jaylen Warren,RB,82.94,8,90.55,69.0,75.0,81.0,70.0,116.0,74.0,75.0,82.0,82.0
courtlandsutton,courtlandsutton,Courtland Sutton,WR,84.97,8,87.8,76.0,81.0,84.0,83.0,120.0,67.0,80.0,77.0,83.0
texansdst,texansdst,Texans D/ST,DST,85.53,1,85.53,,,,,,,,,84.0
tonypollard,tonypollard,Tony Pollard,RB,85.66,8,88.26,78.0,68.0,77.0,77.0,137.0,81.0,78.0,79.0,85.0
tuckerkraft,tuckerkraft,Tucker Kraft,TE,85.97,8,108.8,80.0,79.0,78.0,87.0,67.0,83.0,82.0,103.0,86.0
justinherbert,justinherbert,Justin Herbert,QB,86.79,8,123.29,83.0,98.0,82.0,80.0,35.0,76.0,81.0,119.0,87.0
makailemon,makailemon,Makai Lemon,WR,89.72,8,104.78,88.0,100.0,83.0,79.0,91.0,86.0,73.0,101.0,88.0
trevorlawrence,trevorlawrence,Trevor Lawrence,QB,91.38,8,117.04,90.0,121.0,85.0,82.0,40.0,88.0,85.0,113.0,89.0
rhamondrestevenson,rhamondrestevenson,Rhamondre Stevenson,RB,91.54,8,106.33,79.0,80.0,74.0,74.0,138.0,84.0,74.0,102.0,90.0
broncosdst,broncosdst,Broncos D/ST,DST,92.27,1,92.27,,,,,,,,,91.0
rjharvey,rjharvey,RJ Harvey,RB,92.45,8,111.57,77.0,82.0,80.0,86.0,110.0,78.0,84.0,108.0,92.0
brockpurdy,brockpurdy,Brock Purdy,QB,93.25,8,101.01,97.0,119.0,99.0,99.0,36.0,104.0,96.0,92.0,93.0
chrisgodwin,chrisgodwin,Chris Godwin Jr.,WR,93.35,8,102.8,91.0,77.0,86.0,84.0,122.0,91.0,90.0,94.0,94.0
michaelwilson,michaelwilson,Michael Wilson,WR,93.43,8,115.42,89.0,70.0,79.0,92.0,109.0,80.0,92.0,110.0,95.0
ricodowdle,ricodowdle,Rico Dowdle,RB,95.8,8,98.38,85.0,78.0,91.0,90.0,139.0,93.0,88.0,89.0,96.0
patrickmahomes,patrickmahomes,Patrick Mahomes,QB,96.18,8,109.44,96.0,134.0,93.0,91.0,39.0,108.0,89.0,106.0,97.0
matthewstafford,matthewstafford,Matthew Stafford,QB,96.49,8,97.95,93.0,125.0,87.0,97.0,76.0,99.0,102.0,88.0,98.0
ramsdst,ramsdst,Rams D/ST,DST,97.6,1,97.6,,,,,,,,,99.0
michaelpittmanjr,michaelpittmanjr,Michael Pittman Jr.,WR,98.78,8,85.24,95.0,103.0,98.0,93.0,142.0,90.0,104.0,75.0,100.0
seahawksdst,seahawksdst,Seahawks D/ST,DST,99.61,1,99.61,,,,,,,,,101.0
kennethgainwell,kennethgainwell,Kenneth Gainwell,RB,100.43,7,,94.0,99.0,97.0,85.0,134.0,85.0,106.0,97.0,102.0
brandonaubrey,brandonaubrey,Brandon Aubrey,K,101.93,3,83.78,168.0,,,,,149.0,,73.0,103.0
georgekittle,georgekittle,George Kittle,TE,102.21,8,82.69,104.0,89.0,106.0,124.0,107.0,121.0,116.0,72.0,104.0
kylemonangai,kylemonangai,Kyle Monangai,RB,103.14,8,114.11,92.0,97.0,95.0,98.0,129.0,92.0,91.0,109.0,105.0
kennygainwell,kennygainwell,Kenny Gainwell,RB,103.92,1,103.92,,,,,,,,,106.0
houstontexans,houstontexans,Houston Texans,DST,106.0,2,,155.0,,,,,136.0,,76.0,107.0
jakobimeyers,jakobimeyers,Jakobi Meyers,WR,106.02,8,104.16,99.0,86.0,104.0,103.0,157.0,96.0,100.0,98.0,108.0
quentinjohnston,quentinjohnston,Quentin Johnston,WR,107.87,8,136.96,108.0,104.0,88.0,88.0,131.0,95.0,87.0,133.0,109.0
wandalerobinson,wandalerobinson,Wan'Dale Robinson,WR,107.95,8,109.57,107.0,84.0,107.0,114.0,125.0,102.0,117.0,105.0,110.0
jordanaddison,jordanaddison,Jordan Addison,WR,108.09,8,127.72,102.0,106.0,96.0,89.0,128.0,106.0,86.0,126.0,111.0
rickypearsall,rickypearsall,Ricky Pearsall,WR,108.16,8,118.32,101.0,91.0,108.0,102.0,144.0,87.0,101.0,114.0,112.0
bonix,bonix,Bo Nix,QB,108.69,8,119.53,105.0,169.0,113.0,109.0,28.0,111.0,105.0,115.0,113.0
blakecorum,blakecorum,Blake Corum,RB,108.76,8,123.07,98.0,101.0,101.0,100.0,133.0,101.0,93.0,118.0,114.0
jkdobbins,jkdobbins,J.K. Dobbins,RB,109.05,8,104.4,100.0,85.0,110.0,110.0,156.0,105.0,103.0,99.0,115.0
joshdowns,joshdowns,Josh Downs,WR,109.36,8,127.84,109.0,95.0,102.0,96.0,126.0,109.0,94.0,125.0,116.0
traviskelce,traviskelce,Travis Kelce,TE,111.53,8,90.28,106.0,109.0,117.0,121.0,130.0,123.0,121.0,81.0,117.0
jaydenreed,jaydenreed,Jayden Reed,WR,112.93,8,142.45,103.0,116.0,90.0,81.0,150.0,103.0,83.0,138.0,118.0
jonathonbrooks,jonathonbrooks,Jonathon Brooks,RB,113.37,8,123.99,111.0,113.0,105.0,105.0,135.0,97.0,108.0,120.0,119.0
xavierworthy,xavierworthy,Xavier Worthy,WR,115.83,8,126.64,117.0,111.0,112.0,107.0,140.0,107.0,99.0,124.0,120.0
jaredgoff,jaredgoff,Jared Goff,QB,116.23,8,152.83,110.0,151.0,103.0,106.0,50.0,110.0,109.0,148.0,121.0
rachaadwhite,rachaadwhite,Rachaad White,RB,117.33,8,104.67,113.0,112.0,119.0,117.0,173.0,100.0,113.0,100.0,122.0
aaronjones,aaronjones,Aaron Jones Sr.,RB,117.51,8,95.1,112.0,108.0,118.0,115.0,166.0,133.0,120.0,85.0,123.0
dallasgoedert,dallasgoedert,Dallas Goedert,TE,117.52,8,103.17,120.0,105.0,125.0,129.0,119.0,128.0,136.0,95.0,124.0
matthewgolden,matthewgolden,Matthew Golden,WR,117.96,8,115.66,124.0,118.0,115.0,113.0,146.0,113.0,111.0,112.0,125.0
kcconcepcion,kcconcepcion,KC Concepcion,WR,119.08,8,124.6,127.0,107.0,126.0,122.0,121.0,116.0,115.0,121.0,126.0
losangelesrams,losangelesrams,Los Angeles Rams,DST,120.5,2,,171.0,,,,,154.0,,87.0,127.0
denverbroncos,denverbroncos,Denver Broncos,DST,121.0,2,,167.0,,,,,159.0,,83.0,128.0
steelersdst,steelersdst,Steelers D/ST,DST,121.73,1,121.73,,,,,,,,,129.0
jakeferguson,jakeferguson,Jake Ferguson,TE,121.73,8,108.84,114.0,131.0,127.0,137.0,118.0,122.0,126.0,104.0,130.0
isaiahlikely,isaiahlikely,Isaiah Likely,TE,121.86,8,127.85,115.0,92.0,122.0,125.0,124.0,125.0,132.0,127.0,131.0
seattleseahawks,seattleseahawks,Seattle Seahawks,DST,122.0,2,,166.0,,,,,153.0,,91.0,132.0
kylermurray,kylermurray,Kyler Murray,QB,122.46,8,158.66,116.0,147.0,109.0,108.0,71.0,119.0,110.0,157.0,133.0
tylershough,tylershough,Tyler Shough,QB,123.98,8,155.88,121.0,129.0,116.0,116.0,86.0,117.0,118.0,154.0,134.0
patriotsdst,patriotsdst,Patriots D/ST,DST,124.34,1,124.34,,,,,,,,,135.0
jordanlove,jordanlove,Jordan Love,QB,127.68,8,164.46,125.0,178.0,111.0,111.0,49.0,127.0,112.0,169.0,136.0
jacorycroskeymerritt,jacorycroskeymerritt,Jacory Croskey-Merritt,RB,128.56,8,131.46,119.0,96.0,124.0,133.0,158.0,135.0,123.0,128.0,137.0
romeodoubs,romeodoubs,Romeo Doubs,WR,128.68,8,143.47,122.0,117.0,121.0,112.0,169.0,114.0,114.0,139.0,138.0
bakermayfield,bakermayfield,Baker Mayfield,QB,129.49,8,160.95,128.0,172.0,120.0,118.0,64.0,120.0,119.0,162.0,139.0
khalilshakir,khalilshakir,Khalil Shakir,WR,130.28,8,134.22,129.0,120.0,123.0,127.0,162.0,118.0,128.0,130.0,140.0
markandrews,markandrews,Mark Andrews,TE,130.97,8,137.75,126.0,122.0,131.0,135.0,127.0,132.0,127.0,136.0,141.0
eaglesdst,eaglesdst,Eagles D/ST,DST,132.46,1,132.46,,,,,,,,,142.0
camward,camward,Cam Ward,QB,132.69,6,168.12,146.0,,136.0,132.0,81.0,141.0,138.0,,143.0
daltonkincaid,daltonkincaid,Dalton Kincaid,TE,133.09,8,154.68,118.0,168.0,114.0,119.0,114.0,115.0,129.0,151.0,144.0
ravensdst,ravensdst,Ravens D/ST,DST,136.39,1,136.39,,,,,,,,,145.0
jaydenhiggins,jaydenhiggins,Jayden Higgins,WR,136.56,8,160.51,132.0,130.0,132.0,130.0,145.0,112.0,124.0,159.0,146.0
camerondicker,camerondicker,Cameron Dicker,K,138.17,3,110.5,193.0,,,,,197.0,,107.0,147.0
jordanmason,jordanmason,Jordan Mason,RB,139.25,8,152.03,123.0,114.0,129.0,126.0,195.0,126.0,125.0,147.0,148.0
malikwillis,malikwillis,Malik Willis,QB,140.36,8,167.88,131.0,146.0,128.0,123.0,100.0,140.0,130.0,188.0,149.0
jalencoker,jalencoker,Jalen Coker,WR,141.62,8,155.96,135.0,126.0,130.0,131.0,172.0,129.0,134.0,155.0,150.0
kaimifairbairn,kaimifairbairn,Ka'imi Fairbairn,K,141.72,3,125.16,187.0,,,,,177.0,,123.0,151.0
jasonmyers,jasonmyers,Jason Myers,K,143.59,3,122.76,199.0,,,,,191.0,,117.0,152.0
chrisrodriguez,chrisrodriguez,Chris Rodriguez Jr.,RB,144.07,8,164.55,133.0,102.0,134.0,120.0,206.0,134.0,122.0,170.0,153.0
travishunter,travishunter,Travis Hunter,WR,144.65,7,115.52,152.0,,154.0,145.0,165.0,185.0,137.0,111.0,154.0
cjstroud,cjstroud,C.J. Stroud,QB,144.68,7,167.78,145.0,,138.0,138.0,72.0,166.0,142.0,189.0,155.0
tyronetracy,tyronetracy,Tyrone Tracy Jr.,RB,145.07,8,167.56,130.0,110.0,133.0,128.0,182.0,124.0,131.0,185.0,156.0
samdarnold,samdarnold,Sam Darnold,QB,145.58,7,166.05,136.0,,135.0,140.0,101.0,158.0,141.0,178.0,157.0
kenyonsadiq,kenyonsadiq,Kenyon Sadiq,TE,145.99,8,143.9,141.0,161.0,152.0,159.0,111.0,145.0,155.0,141.0,158.0
woodymarks,woodymarks,Woody Marks,RB,146.39,8,141.14,134.0,132.0,144.0,144.0,188.0,142.0,143.0,137.0,159.0
orondegadsden,orondegadsden,Oronde Gadsden II,TE,146.95,8,168.64,137.0,123.0,140.0,153.0,115.0,131.0,144.0,201.0,160.0
danieljones,danieljones,Daniel Jones,QB,146.96,7,166.74,159.0,,143.0,139.0,95.0,160.0,145.0,180.0,161.0
newenglandpatriots,newenglandpatriots,New England Patriots,DST,147.0,2,,195.0,,,,,172.0,,122.0,162.0
zachcharbonnet,zachcharbonnet,Zach Charbonnet,RB,148.07,8,137.56,139.0,115.0,147.0,191.0,136.0,162.0,162.0,134.0,163.0
pittsburghsteelers,pittsburghsteelers,Pittsburgh Steelers,DST,150.0,2,,205.0,,,,,184.0,,116.0,164.0
chigokonkwo,chigokonkwo,Chig Okonkwo,TE,150.09,7,168.6,151.0,144.0,145.0,142.0,155.0,148.0,148.0,,165.0
harrisonbutker,harrisonbutker,Harrison Butker,K,151.69,2,154.38,238.0,,,,,,,149.0,166.0
omarcooper,omarcooper,Omar Cooper Jr.,WR,151.86,8,160.91,150.0,136.0,149.0,151.0,149.0,168.0,140.0,161.0,167.0
isiahpacheco,isiahpacheco,Isiah Pacheco,RB,152.36,8,143.9,138.0,135.0,142.0,141.0,217.0,151.0,149.0,140.0,168.0
camlittle,camlittle,Cam Little,K,153.94,3,135.82,198.0,,,,,195.0,,131.0,169.0
vikingsdst,vikingsdst,Vikings D/ST,DST,154.43,1,154.43,,,,,,,,,170.0
juwanjohnson,juwanjohnson,Juwan Johnson,TE,154.92,8,165.35,144.0,138.0,153.0,146.0,163.0,143.0,158.0,173.0,171.0
rashidshaheed,rashidshaheed,Rashid Shaheed,WR,155.01,8,163.05,142.0,158.0,146.0,150.0,180.0,138.0,139.0,166.0,172.0
lionsdst,lionsdst,Lions D/ST,DST,155.2,1,155.2,,,,,,,,,173.0
jaguarsdst,jaguarsdst,Jaguars D/ST,DST,155.57,1,155.57,,,,,,,,,174.0
philadelphiaeagles,philadelphiaeagles,Philadelphia Eagles,DST,156.0,2,,183.0,,,,,183.0,,129.0,175.0
stefondiggs,stefondiggs,Stefon Diggs,WR,156.59,8,160.69,140.0,171.0,137.0,136.0,225.0,130.0,133.0,160.0,176.0
brownsdst,brownsdst,Browns D/ST,DST,156.85,1,156.85,,,,,,,,,177.0
brentonstrange,brentonstrange,Brenton Strange,TE,157.16,8,168.24,149.0,133.0,151.0,155.0,152.0,150.0,153.0,195.0,178.0
jalenmcmillan,jalenmcmillan,Jalen McMillan,WR,158.33,8,163.64,157.0,177.0,139.0,143.0,185.0,146.0,146.0,167.0,179.0
tyjaespears,tyjaespears,Tyjae Spears,RB,158.84,8,144.74,147.0,139.0,159.0,152.0,209.0,164.0,161.0,142.0,180.0
tylerloop,tylerloop,Tyler Loop,K,158.84,2,159.68,251.0,,,,,,,158.0,181.0
tylerallgeier,tylerallgeier,Tyler Allgeier,RB,159.63,8,165.03,143.0,127.0,157.0,158.0,205.0,137.0,157.0,171.0,182.0
hunterhenry,hunterhenry,Hunter Henry,TE,161.31,7,161.18,148.0,,156.0,161.0,181.0,156.0,150.0,164.0,183.0
bryceyoung,bryceyoung,Bryce Young,QB,161.52,7,168.67,160.0,,148.0,148.0,104.0,204.0,156.0,202.0,184.0
tjhockenson,tjhockenson,T.J. Hockenson,TE,161.7,7,150.87,158.0,,162.0,164.0,159.0,187.0,163.0,146.0,185.0
chrisboswell,chrisboswell,Chris Boswell,K,162.07,2,161.15,254.0,,,,,,,163.0,186.0
harrisonmevis,harrisonmevis,Harrison Mevis,K,162.27,3,137.81,224.0,,,,,214.0,,135.0,187.0
chargersdst,chargersdst,Chargers D/ST,DST,162.56,1,162.56,,,,,,,,,188.0
fernandomendoza,fernandomendoza,Fernando Mendoza,QB,162.98,7,165.85,169.0,,166.0,165.0,90.0,210.0,168.0,176.0,189.0
jauanjennings,jauanjennings,Jauan Jennings,WR,164.52,8,168.18,153.0,140.0,150.0,147.0,216.0,155.0,147.0,193.0,190.0
baltimoreravens,baltimoreravens,Baltimore Ravens,DST,165.5,2,,210.0,,,,,199.0,,132.0,191.0
chiefsdst,chiefsdst,Chiefs D/ST,DST,165.51,1,165.51,,,,,,,,,192.0
tretucker,tretucker,Tre Tucker,WR,165.63,8,169.04,172.0,124.0,160.0,149.0,198.0,165.0,154.0,206.0,193.0
eddypineiro,eddypineiro,Eddy Pineiro,K,166.74,3,146.23,236.0,,,,,211.0,,143.0,194.0
jacksonvillejaguars,jacksonvillejaguars,Jacksonville Jaguars,DST,167.0,2,,209.0,,,,,181.0,,153.0,195.0
cowboysdst,cowboysdst,Cowboys D/ST,DST,167.3,1,167.3,,,,,,,,,196.0
packersdst,packersdst,Packers D/ST,DST,167.53,1,167.53,,,,,,,,,197.0
49ersdst,49ersdst,49ers D/ST,DST,167.94,1,167.94,,,,,,,,,198.0
keatonmitchell,keatonmitchell,Keaton Mitchell,RB,168.19,8,169.48,161.0,179.0,141.0,134.0,220.0,139.0,135.0,228.0,199.0
buccaneersdst,buccaneersdst,Buccaneers D/ST,DST,168.49,1,168.49,,,,,,,,,200.0
denzelboston,denzelboston,Denzel Boston,WR,168.73,8,167.81,163.0,175.0,165.0,162.0,171.0,163.0,159.0,187.0,201.0
bearsdst,bearsdst,Bears D/ST,DST,168.76,1,168.76,,,,,,,,,202.0
billsdst,billsdst,Bills D/ST,DST,169.03,1,169.03,,,,,,,,,203.0
giantsdst,giantsdst,Giants D/ST,DST,169.1,1,169.1,,,,,,,,,204.0
bengalsdst,bengalsdst,Bengals D/ST,DST,169.12,1,169.12,,,,,,,,,205.0
andyborregales,andyborregales,Andy Borregales,K,169.38,1,169.38,271.0,,,,,,,,206.0
raidersdst,raidersdst,Raiders D/ST,DST,169.51,1,169.51,,,,,,,,,207.0
coltsdst,coltsdst,Colts D/ST,DST,169.53,1,169.53,,,,,,,,,208.0
panthersdst,panthersdst,Panthers D/ST,DST,169.55,1,169.55,,,,,,,,,209.0
dolphinsdst,dolphinsdst,Dolphins D/ST,DST,169.56,1,169.56,,,,,,,,,210.0
falconsdst,falconsdst,Falcons D/ST,DST,169.58,1,169.58,,,,,,,,,211.0
titansdst,titansdst,Titans D/ST,DST,169.62,1,169.62,,,,,,,,,212.0
commandersdst,commandersdst,Commanders D/ST,DST,169.64,1,169.64,,,,,,,,,213.0
antoniowilliams,antoniowilliams,Antonio Williams,WR,169.66,8,169.28,179.0,142.0,158.0,169.0,167.0,171.0,160.0,221.0,214.0
saintsdst,saintsdst,Saints D/ST,DST,169.69,1,169.69,,,,,,,,,215.0
cardinalsdst,cardinalsdst,Cardinals D/ST,DST,169.74,1,169.74,,,,,,,,,216.0
cairosantos,cairosantos,Cairo Santos,K,169.75,2,165.5,266.0,,,,,,,174.0,217.0
kylejuszczyk,kylejuszczyk,Kyle Juszczyk,RB,169.9,1,169.9,,,,,,,,,218.0
brycelance,brycelance,Bryce Lance,WR,169.92,1,169.92,,,,,,,,,219.0
jordanwhittington,jordanwhittington,Jordan Whittington,WR,169.92,1,169.92,,,,,,,,,220.0
chadryland,chadryland,Chad Ryland,K,169.93,1,169.93,,,,,,,,,221.0
jetsdst,jetsdst,Jets D/ST,DST,169.94,1,169.94,,,,,,,,,222.0
noahgray,noahgray,Noah Gray,TE,169.94,1,169.94,,,,,,,,,223.0
noahfant,noahfant,Noah Fant,TE,169.94,1,169.94,,,,,,,,,224.0
josholiver,josholiver,Josh Oliver,TE,169.95,1,169.95,,,,,,,,,225.0
willkacmarek,willkacmarek,Will Kacmarek,TE,169.95,1,169.95,,,,,,,,,226.0
rileynowakowski,rileynowakowski,Riley Nowakowski,TE,169.95,1,169.95,,,,,,,,,227.0
ashtondulin,ashtondulin,Ashton Dulin,WR,169.95,1,169.95,,,,,,,,,228.0
joshuapalmer,joshuapalmer,Joshua Palmer,WR,169.95,1,169.95,,,,,,,,,229.0
tommydevito,tommydevito,Tommy DeVito,QB,169.96,1,169.96,,,,,,,,,230.0
devontezwalker,devontezwalker,Devontez Walker,WR,169.96,1,169.96,,,,,,,,,231.0
andreszmyt,andreszmyt,Andre Szmyt,K,169.96,1,169.96,,,,,,,,,232.0
erickall,erickall,Erick All Jr.,TE,169.96,1,169.96,,,,,,,,,233.0
drewsample,drewsample,Drew Sample,TE,169.96,1,169.96,,,,,,,,,234.0
kevincoleman,kevincoleman,Kevin Coleman Jr.,WR,169.97,1,169.97,,,,,,,,,235.0
cadestover,cadestover,Cade Stover,TE,169.97,1,169.97,,,,,,,,,236.0
jasonsanders,jasonsanders,Jason Sanders,K,169.97,1,169.97,,,,,,,,,237.0
tylerhigbee,tylerhigbee,Tyler Higbee,TE,169.97,1,169.97,,,,,,,,,238.0
nickmullens,nickmullens,Nick Mullens,QB,169.98,1,169.98,,,,,,,,,239.0
olliegordon,olliegordon,Ollie Gordon II,RB,169.98,1,169.98,,,,,,,,,240.0
xavierhutchinson,xavierhutchinson,Xavier Hutchinson,WR,169.98,1,169.98,,,,,,,,,241.0
demariodouglas,demariodouglas,DeMario Douglas,WR,169.98,1,169.98,330.0,,,,,,,,242.0
sethmcgowan,sethmcgowan,Seth McGowan,RB,169.98,1,169.98,,,,,,,,,243.0
jakebrowning,jakebrowning,Jake Browning,QB,169.98,1,169.98,,,,,,,,,244.0
mitchellevans,mitchellevans,Mitchell Evans,TE,169.98,1,169.98,,,,,,,,,245.0
elijahhiggins,elijahhiggins,Elijah Higgins,TE,169.99,1,169.99,,,,,,,,,246.0
joeyslye,joeyslye,Joey Slye,K,169.99,1,169.99,,,,,,,,,247.0
jaylinlane,jaylinlane,Jaylin Lane,WR,169.99,1,169.99,,,,,,,,,248.0
anthonyrichardson,anthonyrichardson,Anthony Richardson Sr.,QB,169.99,1,169.99,,,,,,,,,249.0
austinhooper,austinhooper,Austin Hooper,TE,170.0,1,170.0,,,,,,,,,250.0
tutuatwell,tutuatwell,Tutu Atwell,WR,170.0,1,170.0,,,,,,,,,251.0
olamidezaccheaus,olamidezaccheaus,Olamide Zaccheaus,WR,170.0,1,170.0,,,,,,,,,252.0
rileyleonard,rileyleonard,Riley Leonard,QB,170.01,1,170.01,,,,,,,,,253.0
marvinmims,marvinmims,Marvin Mims Jr.,WR,170.01,1,170.01,,,,,,,,,254.0
masonrudolph,masonrudolph,Mason Rudolph,QB,170.01,1,170.01,,,,,,,,,255.0
maxklare,maxklare,Max Klare,TE,170.02,1,170.02,,,,,,,,,256.0
elijaharroyo,elijaharroyo,Elijah Arroyo,TE,170.02,1,170.02,,,,,,,,,257.0
trevoretienne,trevoretienne,Trevor Etienne,RB,170.02,1,170.02,,,,,,,,,258.0
jarrettstidham,jarrettstidham,Jarrett Stidham,QB,170.02,1,170.02,,,,,,,,,259.0
jameiswinston,jameiswinston,Jameis Winston,QB,170.03,1,170.03,,,,,,,,,260.0
djgiddens,djgiddens,DJ Giddens,RB,170.03,1,170.03,,,,,,,,,261.0
emaridemercado,emaridemercado,Emari Demercado,RB,170.04,1,170.04,,,,,,,,,262.0
willshipley,willshipley,Will Shipley,RB,170.04,1,170.04,,,,,,,,,263.0
dariusslayton,dariusslayton,Darius Slayton,WR,170.06,1,170.06,,,,,,,,,264.0
jatavionsanders,jatavionsanders,Ja'Tavion Sanders,TE,170.06,1,170.06,,,,,,,,,265.0
dontethornton,dontethornton,Dont'e Thornton Jr.,WR,170.06,1,170.06,,,,,,,,,266.0
tahjbrooks,tahjbrooks,Tahj Brooks,RB,170.07,1,170.07,,,,,,,,,267.0
xavierlegette,xavierlegette,Xavier Legette,WR,170.07,1,170.07,,,,,,,,,268.0
savionwilliams,savionwilliams,Savion Williams,WR,170.07,1,170.07,,,,,,,,,269.0
devinsingletary,devinsingletary,Devin Singletary,RB,170.08,1,170.08,,,,,,,,,270.0
reggiegilliam,reggiegilliam,Reggie Gilliam,RB,170.08,1,170.08,,,,,,,,,271.0
connorheyward,connorheyward,Connor Heyward,RB,170.08,1,170.08,,,,,,,,,272.0
nickwestbrookikhine,nickwestbrookikhine,Nick Westbrook-Ikhine,WR,170.1,1,170.1,,,,,,,,,273.0
tylerbadie,tylerbadie,Tyler Badie,RB,170.1,1,170.1,,,,,,,,,274.0
hunterluepke,hunterluepke,Hunter Luepke,RB,170.11,1,170.11,,,,,,,,,275.0
andrewbeck,andrewbeck,Andrew Beck,RB,170.11,1,170.11,,,,,,,,,276.0
jalentolbert,jalentolbert,Jalen Tolbert,WR,170.12,1,170.12,,,,,,,,,277.0
dyamibrown,dyamibrown,Dyami Brown,WR,170.12,1,170.12,,,,,,,,,278.0
isaiahdavis,isaiahdavis,Isaiah Davis,RB,170.13,1,170.13,,,,,,,,,279.0
calebdouglas,calebdouglas,Caleb Douglas,WR,170.14,1,170.14,,,,,,,,,280.0
alecingold,alecingold,Alec Ingold,RB,170.15,1,170.15,,,,,,,,,281.0
vanjefferson,vanjefferson,Van Jefferson,WR,170.16,1,170.16,,,,,,,,,282.0
adamprentice,adamprentice,Adam Prentice,RB,170.17,1,170.17,,,,,,,,,283.0
minnesotavikings,minnesotavikings,Minnesota Vikings,DST,171.0,2,,202.0,,,,,192.0,,150.0,284.0
jonahcoleman,jonahcoleman,Jonah Coleman,RB,171.69,8,169.55,156.0,159.0,167.0,170.0,168.0,152.0,151.0,237.0,285.0
alvinkamara,alvinkamara,Alvin Kamara,RB,171.88,8,147.0,154.0,148.0,163.0,176.0,219.0,193.0,185.0,144.0,286.0
jerryjeudy,jerryjeudy,Jerry Jeudy,WR,174.33,8,167.66,177.0,149.0,177.0,180.0,184.0,169.0,182.0,186.0,287.0
treharris,treharris,Tre' Harris,WR,175.86,7,170.01,194.0,157.0,183.0,174.0,204.0,170.0,173.0,,288.0
losangeleschargers,losangeleschargers,Los Angeles Chargers,DST,176.5,2,,221.0,,,,,188.0,,165.0,289.0
genosmith,genosmith,Geno Smith,QB,176.66,6,169.95,201.0,,174.0,173.0,151.0,213.0,179.0,,290.0
jalennailor,jalennailor,Jalen Nailor,WR,176.97,8,169.77,170.0,141.0,155.0,154.0,231.0,167.0,152.0,246.0,291.0
aaronrodgers,aaronrodgers,Aaron Rodgers,QB,177.17,7,169.2,175.0,,161.0,156.0,147.0,215.0,174.0,218.0,292.0
jakebates,jakebates,Jake Bates,K,177.74,3,150.21,230.0,,,,,238.0,,145.0,293.0
clevelandbrowns,clevelandbrowns,Cleveland Browns,DST,178.0,2,,214.0,,,,,200.0,,156.0,294.0
jacobybrissett,jacobybrissett,Jacoby Brissett,QB,178.15,6,169.92,196.0,,164.0,187.0,143.0,208.0,197.0,,295.0
brianrobinson,brianrobinson,Brian Robinson Jr.,RB,179.44,8,167.51,162.0,160.0,171.0,163.0,250.0,173.0,167.0,184.0,296.0
evanmcpherson,evanmcpherson,Evan McPherson,K,179.48,2,167.96,273.0,,,,,,,191.0,297.0
dallascowboys,dallascowboys,Dallas Cowboys,DST,181.0,1,,227.0,,,,,,,181.0,298.0
dylansampson,dylansampson,Dylan Sampson,RB,181.23,8,169.84,164.0,145.0,172.0,157.0,215.0,144.0,170.0,277.0,299.0
daltonschultz,daltonschultz,Dalton Schultz,TE,181.71,7,168.96,180.0,,173.0,172.0,178.0,201.0,169.0,210.0,300.0
ryanflournoy,ryanflournoy,Ryan Flournoy,WR,182.0,6,170.01,200.0,,170.0,160.0,245.0,182.0,165.0,,301.0
tankbigsby,tankbigsby,Tank Bigsby,RB,182.7,8,166.61,173.0,166.0,176.0,168.0,255.0,176.0,175.0,179.0,302.0
deebosamuel,deebosamuel,Deebo Samuel Sr.,WR,182.8,7,168.6,165.0,,179.0,167.0,247.0,157.0,164.0,197.0,303.0
willreichard,willreichard,Will Reichard,K,183.75,3,164.24,252.0,,,,,219.0,,168.0,304.0
jakeelliott,jakeelliott,Jake Elliott,K,183.86,2,168.71,239.0,,,,,,,199.0,305.0
germiebernard,germiebernard,Germie Bernard,WR,184.78,6,168.65,217.0,,189.0,181.0,194.0,,178.0,198.0,306.0
emmettjohnson,emmettjohnson,Emmett Johnson,RB,185.58,8,169.63,174.0,153.0,193.0,189.0,201.0,147.0,188.0,244.0,307.0
dezhaunstribling,dezhaunstribling,De'Zhaun Stribling,WR,187.16,6,169.95,216.0,,175.0,175.0,190.0,247.0,166.0,,308.0
ajbarner,ajbarner,AJ Barner,TE,187.62,7,169.35,184.0,,180.0,186.0,183.0,196.0,176.0,223.0,309.0
nicholassingleton,nicholassingleton,Nicholas Singleton,RB,187.8,8,169.38,181.0,181.0,185.0,198.0,179.0,186.0,180.0,224.0,310.0
seantucker,seantucker,Sean Tucker,RB,187.83,6,170.0,190.0,,178.0,166.0,261.0,180.0,172.0,,311.0
isaacteslaa,isaacteslaa,Isaac TeSlaa,WR,189.35,7,169.44,192.0,,168.0,171.0,241.0,175.0,171.0,230.0,312.0
malikwashington,malikwashington,Malik Washington,WR,191.12,7,169.81,203.0,,169.0,183.0,170.0,203.0,193.0,250.0,313.0
emanuelwilson,emanuelwilson,Emanuel Wilson,RB,191.16,7,170.1,182.0,143.0,197.0,177.0,281.0,161.0,209.0,,314.0
tedhurst,tedhurst,Ted Hurst III,WR,191.61,5,170.03,241.0,,195.0,199.0,211.0,,183.0,,315.0
cameronward,cameronward,Cameron Ward,QB,192.0,1,,,,,,,,,192.0,316.0
brandonaiyuk,brandonaiyuk,Brandon Aiyuk,WR,192.25,8,168.97,178.0,173.0,205.0,204.0,213.0,174.0,191.0,209.0,317.0
cadeotton,cadeotton,Cade Otton,TE,192.32,6,169.94,218.0,,186.0,188.0,192.0,232.0,186.0,,318.0
detroitlions,detroitlions,Detroit Lions,DST,193.0,2,,237.0,,,,,234.0,,152.0,319.0
treysmack,treysmack,Trey Smack,K,193.07,2,169.15,287.0,,,,,,,217.0,320.0
chasemclaughlin,chasemclaughlin,Chase McLaughlin,K,193.08,3,167.23,256.0,,,,,230.0,,182.0,321.0
tankdell,tankdell,Tank Dell,WR,193.99,7,168.93,212.0,162.0,184.0,202.0,223.0,231.0,187.0,,322.0
chrisbell,chrisbell,Chris Bell,WR,194.0,8,169.04,229.0,137.0,206.0,192.0,187.0,245.0,208.0,208.0,323.0
braelonallen,braelonallen,Braelon Allen,RB,194.39,8,169.13,204.0,154.0,200.0,195.0,235.0,189.0,202.0,211.0,324.0
mikewashington,mikewashington,Mike Washington Jr.,RB,194.73,7,169.11,176.0,,202.0,211.0,196.0,178.0,195.0,212.0,325.0
tampabaybuccaneers,tampabaybuccaneers,Tampa Bay Buccaneers,DST,196.0,1,,281.0,,,,,,,196.0,326.0
gunnarhelm,gunnarhelm,Gunnar Helm,TE,196.11,7,169.75,206.0,,181.0,179.0,191.0,224.0,177.0,251.0,327.0
willutz,willutz,Wil Lutz,K,197.75,2,169.49,259.0,,,,,,,226.0,328.0
patfreiermuth,patfreiermuth,Pat Freiermuth,TE,198.25,7,168.78,188.0,,199.0,182.0,200.0,244.0,190.0,204.0,329.0
eliraridon,eliraridon,Eli Raridon,TE,199.0,2,169.99,334.0,,,,228.0,,,,330.0
tyreekhill,tyreekhill,Tyreek Hill,WR,199.02,7,165.17,186.0,152.0,182.0,,278.0,226.0,218.0,172.0,331.0
gregdulcich,gregdulcich,Greg Dulcich,TE,199.27,7,169.86,234.0,182.0,187.0,190.0,202.0,,189.0,275.0,332.0
elistowers,elistowers,Eli Stowers,TE,199.83,7,169.84,207.0,,203.0,210.0,132.0,221.0,194.0,269.0,333.0
zachariahbranch,zachariahbranch,Zachariah Branch,WR,199.95,7,169.63,219.0,,196.0,196.0,208.0,207.0,184.0,239.0,334.0
chigoziemokonkwo,chigoziemokonkwo,Chigoziem Okonkwo,TE,200.0,1,,,,,,,,,200.0,335.0
kaytronallen,kaytronallen,Kaytron Allen,RB,200.24,8,169.88,191.0,180.0,194.0,178.0,210.0,179.0,196.0,295.0,336.0
calvinridley,calvinridley,Calvin Ridley,WR,200.56,7,165.91,189.0,,188.0,184.0,269.0,239.0,181.0,177.0,337.0
cooperkupp,cooperkupp,Cooper Kupp,WR,200.59,6,168.52,223.0,,198.0,203.0,237.0,,203.0,194.0,338.0
kimanividal,kimanividal,Kimani Vidal,RB,201.0,7,170.01,208.0,167.0,209.0,197.0,246.0,194.0,224.0,,339.0
treylonburks,treylonburks,Treylon Burks,WR,202.5,2,170.01,304.0,,,235.0,,,,,340.0
jordanjames,jordanjames,Jordan James,RB,202.94,8,169.52,231.0,128.0,227.0,212.0,238.0,209.0,211.0,229.0,341.0
michaelpenix,michaelpenix,Michael Penix Jr.,QB,203.41,5,170.03,265.0,,221.0,221.0,174.0,,231.0,,342.0
kayshonboutte,kayshonboutte,Kayshon Boutte,WR,203.85,7,169.97,211.0,156.0,207.0,213.0,240.0,225.0,216.0,,343.0
terranceferguson,terranceferguson,Terrance Ferguson,TE,204.87,7,169.06,220.0,,213.0,201.0,186.0,250.0,201.0,214.0,344.0
adonaimitchell,adonaimitchell,Adonai Mitchell,WR,205.48,8,169.87,213.0,170.0,191.0,194.0,239.0,223.0,192.0,265.0,345.0
greenbaypackers,greenbaypackers,Green Bay Packers,DST,205.5,2,,233.0,,,,,228.0,,183.0,346.0
kansascitychiefs,kansascitychiefs,Kansas City Chiefs,DST,205.5,2,,242.0,,,,,236.0,,175.0,347.0
nickfolk,nickfolk,Nick Folk,K,205.81,2,169.61,250.0,,,,,,,242.0,348.0
jaylinnoel,jaylinnoel,Jaylin Noel,WR,206.99,3,169.98,293.0,,,,218.0,,233.0,,349.0
nathanieldell,nathanieldell,Nathaniel Dell,WR,207.0,1,,,,,,,,,207.0,350.0
davidnjoku,davidnjoku,David Njoku,TE,207.06,7,169.45,185.0,,190.0,206.0,229.0,218.0,204.0,233.0,351.0
tuatagovailoa,tuatagovailoa,Tua Tagovailoa,QB,207.25,7,169.72,225.0,,192.0,207.0,175.0,233.0,207.0,267.0,352.0
kendrickbourne,kendrickbourne,Kendrick Bourne,WR,207.47,2,169.95,315.0,,,245.0,,,,,353.0
chicagobears,chicagobears,Chicago Bears,DST,207.5,2,,226.0,,,,,212.0,,203.0,354.0
jamesconner,jamesconner,James Conner,RB,207.53,8,169.24,197.0,164.0,226.0,224.0,232.0,190.0,236.0,219.0,355.0
tylerbass,tylerbass,Tyler Bass,K,209.36,2,169.71,314.0,,,,,,,249.0,356.0
blakegrupe,blakegrupe,Blake Grupe,K,209.46,2,169.92,332.0,,,,,249.0,,,357.0
kalebjohnson,kalebjohnson,Kaleb Johnson,RB,209.51,2,170.03,306.0,,,,249.0,,,,358.0
kaelonblack,kaelonblack,Kaelon Black,RB,209.97,8,169.76,244.0,155.0,220.0,229.0,227.0,206.0,219.0,254.0,359.0
raydavis,raydavis,Ray Davis,RB,210.24,7,169.67,215.0,,204.0,185.0,268.0,202.0,200.0,243.0,360.0
demondclaiborne,demondclaiborne,Demond Claiborne,RB,210.72,7,170.04,247.0,174.0,228.0,234.0,222.0,222.0,225.0,,361.0
mattgay,mattgay,Matt Gay,K,210.84,2,169.68,,,,,,,,252.0,362.0
darnellmooney,darnellmooney,Darnell Mooney,WR,211.19,8,169.48,222.0,163.0,217.0,193.0,320.0,198.0,198.0,231.0,363.0
joeflacco,joeflacco,Joe Flacco,QB,212.89,2,169.79,,,,,,,,256.0,364.0
newyorkgiants,newyorkgiants,New York Giants,DST,213.0,1,,228.0,,,,,,,213.0,365.0
adamrandall,adamrandall,Adam Randall,RB,213.03,2,170.06,297.0,,,,256.0,,,,366.0
shedeursanders,shedeursanders,Shedeur Sanders,QB,213.09,6,169.51,264.0,,219.0,220.0,197.0,,239.0,234.0,367.0
jjmccarthy,jjmccarthy,J.J. McCarthy,QB,213.42,4,169.67,309.0,,234.0,,193.0,,,257.0,368.0
charliesmyth,charliesmyth,Charlie Smyth,K,213.87,2,169.73,,,,,,,,258.0,369.0
malachifields,malachifields,Malachi Fields,WR,214.83,6,,235.0,150.0,214.0,232.0,224.0,,214.0,255.0,370.0
cincinnatibengals,cincinnatibengals,Cincinnati Bengals,DST,215.0,1,,299.0,,,,,,,215.0,371.0
colekmet,colekmet,Cole Kmet,TE,215.43,2,169.86,,,,,,,,261.0,372.0
keoncoleman,keoncoleman,Keon Coleman,WR,215.8,5,170.02,272.0,,216.0,219.0,244.0,,230.0,,373.0
elijahsarratt,elijahsarratt,Elijah Sarratt,WR,215.81,5,170.06,269.0,,232.0,218.0,253.0,,206.0,,374.0
deshaunwatson,deshaunwatson,Deshaun Watson,QB,215.82,6,169.91,257.0,,211.0,209.0,214.0,,221.0,270.0,375.0
colbyparkinson,colbyparkinson,Colby Parkinson,TE,215.82,6,169.92,246.0,,201.0,215.0,234.0,246.0,229.0,,376.0
bensauls,bensauls,Ben Sauls,K,215.91,2,169.82,,,,,,,,262.0,377.0
ryanfitzgerald,ryanfitzgerald,Ryan Fitzgerald,K,216.44,2,169.88,,,,,,,,263.0,378.0
sanfrancisco49ers,sanfrancisco49ers,San Francisco 49ers,DST,216.5,2,,243.0,,,,,243.0,,190.0,379.0
christiankirk,christiankirk,Christian Kirk,WR,216.86,7,170.02,248.0,176.0,210.0,208.0,321.0,205.0,228.0,,380.0
masontaylor,masontaylor,Mason Taylor,TE,217.51,2,170.02,298.0,,,,265.0,,,,381.0
justicehill,justicehill,Justice Hill,RB,217.6,6,169.6,255.0,,215.0,200.0,260.0,,226.0,235.0,382.0
dontayvionwicks,dontayvionwicks,Dontayvion Wicks,WR,217.84,6,170.07,249.0,,208.0,205.0,285.0,240.0,199.0,,383.0
dawsonknox,dawsonknox,Dawson Knox,TE,217.93,2,169.85,,,,,,,,266.0,384.0
chrisbrazzell,chrisbrazzell,Chris Brazzell II,WR,218.81,5,170.05,261.0,,225.0,244.0,242.0,,213.0,,385.0
tommytremble,tommytremble,Tommy Tremble,TE,220.45,2,169.9,,,,,,,,271.0,386.0
jaylenwright,jaylenwright,Jaylen Wright,RB,221.0,3,169.99,270.0,,,,276.0,217.0,,,387.0
marshawnlloyd,marshawnlloyd,MarShawn Lloyd,RB,221.54,7,169.78,232.0,,212.0,216.0,257.0,227.0,210.0,259.0,388.0
andresborregales,andresborregales,Andres Borregales,K,222.0,1,,,,,,,,,222.0,389.0
carsonbeck,carsonbeck,Carson Beck,QB,222.0,5,169.98,303.0,,250.0,239.0,203.0,,248.0,,390.0
kirkcousins,kirkcousins,Kirk Cousins,QB,222.16,5,169.81,282.0,,224.0,,199.0,,250.0,268.0,391.0
jaketonges,jaketonges,Jake Tonges,TE,222.32,6,169.94,260.0,,248.0,225.0,236.0,220.0,235.0,,392.0
treybenson,treybenson,Trey Benson,RB,222.55,2,170.09,284.0,,,,275.0,,,,393.0
jackbech,jackbech,Jack Bech,WR,223.4,5,170.02,302.0,165.0,,,251.0,,240.0,291.0,394.0
jakemoody,jakemoody,Jake Moody,K,224.44,2,169.88,,,,,,,,279.0,395.0
theojohnson,theojohnson,Theo Johnson,TE,224.99,3,169.96,322.0,,,,259.0,,246.0,,396.0
troyfranklin,troyfranklin,Troy Franklin,WR,225.28,7,169.97,240.0,,233.0,226.0,226.0,216.0,212.0,294.0,397.0
zanegonzalez,zanegonzalez,Zane Gonzalez,K,225.46,2,169.92,,,,,,,,281.0,398.0
buffalobills,buffalobills,Buffalo Bills,DST,225.5,2,,253.0,,,,,235.0,,216.0,399.0
darnellwashington,darnellwashington,Darnell Washington,TE,225.88,5,169.41,288.0,,249.0,,263.0,,223.0,225.0,400.0
patbryant,patbryant,Pat Bryant,WR,226.41,5,170.07,268.0,,235.0,228.0,284.0,,215.0,,401.0
indianapoliscolts,indianapoliscolts,Indianapolis Colts,DST,227.0,1,,310.0,,,,,,,227.0,402.0
georgeholani,georgeholani,George Holani,RB,227.0,4,169.99,280.0,,222.0,,299.0,,217.0,,403.0
michaelmayer,michaelmayer,Michael Mayer,TE,227.25,4,169.98,308.0,,,243.0,252.0,,244.0,,404.0
tysimpson,tysimpson,Ty Simpson,QB,227.44,2,169.89,,,,,,,,285.0,405.0
macjones,macjones,Mac Jones,QB,227.95,2,169.91,,,,,,,,286.0,406.0
mikegesicki,mikegesicki,Mike Gesicki,TE,228.32,6,169.9,262.0,,218.0,217.0,270.0,,205.0,290.0,407.0
toryhorton,toryhorton,Tory Horton,WR,228.8,5,170.02,275.0,,230.0,237.0,287.0,,220.0,,408.0
kavontaeturpin,kavontaeturpin,KaVontae Turpin,WR,229.46,2,169.92,,,,,,,,289.0,409.0
chrisbrooks,chrisbrooks,Chris Brooks,RB,229.98,5,169.92,245.0,,236.0,222.0,280.0,242.0,,,410.0
keenanallen,keenanallen,Keenan Allen,,230.0,1,,301.0,,,230.0,,,,,411.0
jakobilane,jakobilane,Ja'Kobi Lane,WR,230.66,5,169.29,263.0,,,247.0,283.0,,234.0,220.0,412.0
nickchubb,nickchubb,Nick Chubb,,231.0,1,,305.0,,231.0,,,,,,413.0
evanengram,evanengram,Evan Engram,TE,231.14,6,169.82,286.0,,229.0,246.0,233.0,,237.0,272.0,414.0
jalenroyals,jalenroyals,Jalen Royals,WR,231.46,2,169.92,,,,,,,,293.0,415.0
lasvegasraiders,lasvegasraiders,Las Vegas Raiders,DST,232.0,1,,258.0,,,,,,,232.0,416.0
patrickricard,patrickricard,Patrick Ricard,RB,232.97,2,169.93,,,,,,,,296.0,417.0
andreiiosivas,andreiiosivas,Andrei Iosivas,WR,233.69,3,170.06,321.0,,,,288.0,,243.0,,418.0
kalifraymond,kalifraymond,Kalif Raymond,WR,233.97,2,169.95,,,,,,,,298.0,419.0
tyquanthornton,tyquanthornton,Tyquan Thornton,WR,234.4,5,170.01,294.0,,242.0,249.0,279.0,,232.0,,420.0
chimeredike,chimeredike,Chimere Dike,,234.67,3,,277.0,,,236.0,221.0,,247.0,,421.0
tyjohnson,tyjohnson,Ty Johnson,RB,235.0,3,169.99,307.0,,,233.0,302.0,,,,422.0
odellbeckham,odellbeckham,Odell Beckham Jr.,WR,235.47,4,168.9,274.0,,238.0,,330.0,,,205.0,423.0
miamidolphins,miamidolphins,Miami Dolphins,DST,236.0,1,,311.0,,,,,,,236.0,424.0
rashodbateman,rashodbateman,Rashod Bateman,WR,236.0,4,169.98,291.0,,,242.0,305.0,,227.0,,425.0
jaydonblue,jaydonblue,Jaydon Blue,RB,236.69,7,169.8,267.0,,223.0,248.0,289.0,241.0,222.0,264.0,426.0
skylerbell,skylerbell,Skyler Bell,WR,236.77,5,169.85,295.0,,,240.0,258.0,,238.0,278.0,427.0
samajeperine,samajeperine,Samaje Perine,RB,237.2,5,170.01,283.0,,237.0,227.0,311.0,,241.0,,428.0
justinfields,justinfields,Justin Fields,QB,237.73,4,169.91,319.0,,245.0,,254.0,,,282.0,429.0
carolinapanthers,carolinapanthers,Carolina Panthers,DST,238.0,1,,329.0,,,,,,,238.0,430.0
malikdavis,malikdavis,Malik Davis,RB,238.78,5,169.92,285.0,,,231.0,315.0,229.0,249.0,,431.0
austinekeler,austinekeler,Austin Ekeler,,239.0,1,,278.0,,239.0,,,,,,432.0
marquisebrown,marquisebrown,Hollywood Brown,WR,239.97,2,169.94,316.0,,,,310.0,,,,433.0
lequintallen,lequintallen,LeQuint Allen Jr.,RB,240.36,3,170.08,313.0,,,238.0,313.0,,,,434.0
tennesseetitans,tennesseetitans,Tennessee Titans,DST,241.0,1,,300.0,,,,,,,241.0,435.0
jujusmithschuster,jujusmithschuster,JuJu Smith-Schuster,,241.0,1,,325.0,,241.0,,,,,,436.0
neworleanssaints,neworleanssaints,New Orleans Saints,DST,241.0,2,,289.0,,,,,237.0,,245.0,437.0
audricestime,audricestime,Audric Estimé,,243.0,1,,318.0,,243.0,,,,,,438.0
atlantafalcons,atlantafalcons,Atlanta Falcons,DST,244.0,2,,276.0,,,,,248.0,,240.0,439.0
brashardsmith,brashardsmith,Brashard Smith,RB,245.38,3,170.14,324.0,,240.0,,326.0,,,,440.0
jackendries,jackendries,Jack Endries,,246.0,1,,331.0,,246.0,,,,,,441.0
jahandotson,jahandotson,Jahan Dotson,WR,246.02,3,170.05,317.0,,,250.0,318.0,,,,442.0
deandrehopkins,deandrehopkins,DeAndre Hopkins,,247.0,1,,333.0,,247.0,,,,,,443.0
washingtoncommanders,washingtoncommanders,Washington Commanders,DST,247.0,1,,312.0,,,,,,,247.0,444.0
justintucker,justintucker,Justin Tucker,K,248.0,1,,327.0,,,,,,,248.0,445.0
joemilton,joemilton,Joe Milton III,QB,251.34,3,170.02,323.0,,244.0,,340.0,,,,446.0
arizonacardinals,arizonacardinals,Arizona Cardinals,DST,253.0,1,,,,,,,,,253.0,447.0
devaughnvele,devaughnvele,Devaughn Vele,WR,254.72,4,169.89,328.0,,,,323.0,,242.0,284.0,448.0
eliheidenreich,eliheidenreich,Eli Heidenreich,,258.5,2,,296.0,,,223.0,294.0,,,,449.0
younghoekoo,younghoekoo,Younghoe Koo,K,260.0,1,,,,,,,,,260.0,450.0
newyorkjets,newyorkjets,New York Jets,TK,260.0,1,,,,,,,,,260.0,451.0
elicayomanor,elicayomanor,Elic Ayomanor,,263.5,2,,290.0,,,241.0,286.0,,,,452.0
michaeltrigg,michaeltrigg,Michael Trigg,TE,273.0,1,,,,,,,,,273.0,453.0
philiprivers,philiprivers,Philip Rivers,QB,274.0,1,,335.0,,,,,,,274.0,454.0
lukeschoonmaker,lukeschoonmaker,Luke Schoonmaker,TE,276.0,1,,,,,,,,,276.0,455.0
zavionthomas,zavionthomas,Zavion Thomas,,278.5,2,,326.0,,,,312.0,,245.0,,456.0
malikbenson,malikbenson,Malik Benson,,280.0,2,,292.0,,,214.0,346.0,,,,457.0
cadendavis,cadendavis,Caden Davis,K,280.0,1,,,,,,,,,280.0,458.0
kadariustoney,kadariustoney,Kadarius Toney,WR,283.0,1,,,,,,,,,283.0,459.0
moaliecox,moaliecox,Mo Alie-Cox,TE,287.0,1,,,,,,,,,287.0,460.0
lukemusgrave,lukemusgrave,Luke Musgrave,TE,288.0,1,,,,,,,,,288.0,461.0
joemixon,joemixon,Joe Mixon,RB,292.0,1,,,,,,,,,292.0,462.0
samroush,samroush,Sam Roush,TE,297.0,1,,,,,,,,,297.0,463.0
jimmyhorn,jimmyhorn,Jimmy Horn Jr.,WR,299.0,1,,,,,,,,,299.0,464.0
najeeharris,najeeharris,Najee Harris,RB,300.0,1,,279.0,,,,,,,300.0,465.0
mackhollins,mackhollins,Mack Hollins,,320.0,1,,320.0,,,,,,,,466.0
